,D4,D3,D2,D1,D0,None,d
0,0.0,0.0,5.16,22.68,39.89,60.11,2020-03-31
1,0.0,0.0,0.0,22.68,39.89,60.11,2020-03-24
2,0.0,0.0,0.0,22.68,39.88,60.12,2020-03-17
3,0.0,0.0,0.0,22.68,39.88,60.12,2020-03-10
4,0.0,0.0,0.0,19.49,39.88,60.12,2020-03-03
5,0.0,0.0,0.0,19.49,39.88,60.12,2020-02-25
6,0.0,0.0,0.0,19.49,39.95,60.05,2020-02-18
7,0.0,0.0,0.0,19.48,41.5,58.5,2020-02-11
8,0.0,0.0,0.0,24.81,46.15,53.85,2020-02-04
9,0.0,0.0,0.0,27.86,51.5,48.5,2020-01-28
10,0.0,0.0,0.0,33.24,63.93,36.07,2020-01-21
11,0.0,0.0,0.0,16.49,62.41,37.59,2020-01-14
12,0.0,0.0,0.0,19.52,82.09,17.91,2020-01-07
13,0.0,0.0,0.0,31.91,83.4,16.6,2019-12-31
14,0.0,0.0,0.0,31.91,83.4,16.6,2019-12-24
15,0.0,0.0,0.0,31.91,87.19,12.81,2019-12-17
16,0.0,0.0,0.0,0.0,78.1,21.9,2019-12-10
17,0.0,0.0,0.0,0.0,67.89,32.11,2019-12-03
18,0.0,0.0,0.0,0.0,30.17,69.83,2019-11-26
19,0.0,0.0,0.0,0.0,0.0,100.0,2019-11-19
20,0.0,0.0,0.0,0.0,0.0,100.0,2019-11-12
21,0.0,0.0,0.0,0.0,0.28,99.72,2019-11-05
22,0.0,0.0,0.0,0.0,0.28,99.72,2019-10-29
23,0.0,0.0,0.0,0.0,2.15,97.85,2019-10-22
24,0.0,0.0,0.0,0.0,17.35,82.65,2019-10-15
25,0.0,0.0,0.0,0.0,17.35,82.65,2019-10-08
26,0.0,0.0,0.0,1.41,18.22,81.78,2019-10-01
27,0.0,0.0,0.0,7.59,52.41,47.59,2019-09-24
28,0.0,0.0,0.0,31.64,63.63,36.37,2019-09-17
29,0.0,0.0,5.03,50.3,80.26,19.74,2019-09-10
30,0.0,0.0,13.58,57.51,80.26,19.74,2019-09-03
31,0.0,0.0,13.58,57.51,80.26,19.74,2019-08-27
32,0.0,0.0,13.58,57.51,80.26,19.74,2019-08-20
33,0.0,0.0,13.58,57.51,80.26,19.74,2019-08-13
34,0.0,0.0,13.58,60.87,93.12,6.88,2019-08-06
35,0.0,0.0,13.58,60.87,86.27,13.73,2019-07-30
36,0.0,0.0,13.58,60.87,86.27,13.73,2019-07-23
37,0.0,0.0,18.07,60.87,86.17,13.83,2019-07-16
38,0.0,0.0,18.07,55.11,86.17,13.83,2019-07-09
39,0.0,0.0,17.68,54.84,78.21,21.79,2019-07-02
40,0.0,0.0,17.68,54.84,72.15,27.85,2019-06-25
41,0.0,0.0,15.93,54.84,72.15,27.85,2019-06-18
42,0.0,0.0,11.07,44.24,70.82,29.18,2019-06-11
43,0.0,0.0,11.07,44.2,70.82,29.18,2019-06-04
44,0.0,0.0,0.0,43.49,70.82,29.18,2019-05-28
45,0.0,0.0,0.0,42.59,70.82,29.18,2019-05-21
46,0.0,0.0,0.0,34.3,70.82,29.18,2019-05-14
47,0.0,0.0,0.0,20.36,70.82,29.18,2019-05-07
48,0.0,0.0,0.0,10.41,68.53,31.47,2019-04-30
49,0.0,0.0,0.0,10.41,68.53,31.47,2019-04-23
50,0.0,0.0,0.0,11.34,70.82,29.18,2019-04-16
51,0.0,0.0,0.0,13.16,73.72,26.28,2019-04-09
52,0.0,0.0,0.0,13.16,73.94,26.06,2019-04-02
53,0.0,0.0,0.0,8.0,73.94,26.06,2019-03-26
54,0.0,0.0,0.0,3.85,73.08,26.92,2019-03-19
55,0.0,0.0,0.0,3.85,35.5,64.5,2019-03-12
56,0.0,0.0,0.0,4.15,48.77,51.23,2019-03-05
57,0.0,0.0,0.0,4.15,48.77,51.23,2019-02-26
58,0.0,0.0,0.04,9.97,53.21,46.79,2019-02-19
59,0.0,0.0,0.04,10.68,58.78,41.22,2019-02-12
60,0.0,0.0,0.04,10.69,58.78,41.22,2019-02-05
61,0.0,0.0,0.04,10.73,58.8,41.2,2019-01-29
62,0.0,0.0,0.04,10.71,58.8,41.2,2019-01-22
63,0.0,0.0,0.04,23.18,65.79,34.21,2019-01-15
64,0.0,0.0,0.04,23.18,65.79,34.21,2019-01-08
65,0.0,0.0,0.04,23.18,72.29,27.71,2019-01-01
66,0.0,0.0,0.17,30.47,76.38,23.62,2018-12-25
67,0.0,0.0,0.38,32.58,79.62,20.38,2018-12-18
68,0.0,0.0,0.38,32.58,79.62,20.38,2018-12-11
69,0.0,0.0,0.38,32.58,79.62,20.38,2018-12-04
70,0.0,0.0,0.38,32.59,79.69,20.31,2018-11-27
71,0.0,0.0,0.38,32.59,79.69,20.31,2018-11-20
72,0.0,0.0,0.38,20.41,79.69,20.31,2018-11-13
73,0.0,0.0,0.38,20.41,79.69,20.31,2018-11-06
74,0.0,0.0,4.44,33.51,92.0,8.0,2018-10-30
75,0.0,0.0,7.2,39.23,92.0,8.0,2018-10-23
76,0.0,0.0,7.2,39.23,92.0,8.0,2018-10-16
77,0.0,0.0,7.2,39.23,92.0,8.0,2018-10-09
78,0.0,0.0,9.33,46.2,100.0,0.0,2018-10-02
79,0.0,0.0,9.8,48.33,100.0,0.0,2018-09-25
80,0.0,0.0,17.31,60.16,100.0,0.0,2018-09-18
81,0.0,0.0,17.26,60.16,100.0,0.0,2018-09-11
82,0.0,0.0,17.26,54.28,100.0,0.0,2018-09-04
83,0.0,0.0,6.45,46.44,100.0,0.0,2018-08-28
84,0.0,0.0,6.45,46.44,100.0,0.0,2018-08-21
85,0.0,0.0,6.45,46.44,100.0,0.0,2018-08-14
86,0.0,0.0,6.45,46.44,100.0,0.0,2018-08-07
87,0.0,0.0,5.82,29.9,100.0,0.0,2018-07-31
88,0.0,0.0,5.82,28.6,97.19,2.81,2018-07-24
89,0.0,0.0,0.0,25.96,91.87,8.13,2018-07-17
90,0.0,0.0,0.0,17.29,66.86,33.14,2018-07-10
91,0.0,0.0,0.0,11.98,57.36,42.64,2018-07-03
92,0.0,0.0,0.0,11.98,57.19,42.81,2018-06-26
93,0.0,0.0,0.0,0.0,50.9,49.1,2018-06-19
94,0.0,0.0,0.0,0.0,49.64,50.36,2018-06-12
95,0.0,0.0,0.0,0.0,27.14,72.86,2018-06-05
96,0.0,0.0,0.0,0.0,0.16,99.84,2018-05-29
97,0.0,0.0,0.0,0.0,0.16,99.84,2018-05-22
98,0.0,0.0,0.0,0.0,0.17,99.83,2018-05-15
99,0.0,0.0,0.0,0.0,0.17,99.83,2018-05-08
100,0.0,0.0,0.0,0.0,0.11,99.89,2018-05-01
101,0.0,0.0,0.0,0.0,0.11,99.89,2018-04-24
102,0.0,0.0,0.0,0.0,0.11,99.89,2018-04-17
103,0.0,0.0,0.0,0.0,0.15,99.85,2018-04-10
104,0.0,0.0,0.0,0.0,0.15,99.85,2018-04-03
105,0.0,0.0,0.0,0.0,0.15,99.85,2018-03-27
106,0.0,0.0,0.0,0.0,11.72,88.28,2018-03-20
107,0.0,0.0,0.0,0.0,11.72,88.28,2018-03-13
108,0.0,0.0,0.0,0.0,11.72,88.28,2018-03-06
109,0.0,0.0,0.0,0.0,8.33,91.67,2018-02-27
110,0.0,0.0,0.0,0.0,8.33,91.67,2018-02-20
111,0.0,0.0,0.0,0.0,8.33,91.67,2018-02-13
112,0.0,0.0,0.0,0.0,6.44,93.56,2018-02-06
113,0.0,0.0,0.0,0.0,9.48,90.52,2018-01-30
114,0.0,0.0,0.0,0.0,9.48,90.52,2018-01-23
115,0.0,0.0,0.0,0.0,9.48,90.52,2018-01-16
116,0.0,0.0,0.0,0.0,0.0,100.0,2018-01-09
117,0.0,0.0,0.0,0.0,0.0,100.0,2018-01-02
118,0.0,0.0,0.0,0.0,0.0,100.0,2017-12-26
119,0.0,0.0,0.0,0.0,0.0,100.0,2017-12-19
120,0.0,0.0,0.0,0.0,0.0,100.0,2017-12-12
121,0.0,0.0,0.0,0.0,0.0,100.0,2017-12-05
122,0.0,0.0,0.0,0.0,0.0,100.0,2017-11-28
123,0.0,0.0,0.0,0.0,0.0,100.0,2017-11-21
124,0.0,0.0,0.0,0.0,21.01,78.99,2017-11-14
125,0.0,0.0,0.0,7.22,42.18,57.82,2017-11-07
126,0.0,0.0,0.0,14.8,83.1,16.9,2017-10-31
127,0.0,0.0,0.0,14.8,83.1,16.9,2017-10-24
128,0.0,0.0,0.0,56.46,94.99,5.01,2017-10-17
129,0.0,0.0,0.0,63.66,95.03,4.97,2017-10-10
130,0.0,0.0,0.0,63.66,95.03,4.97,2017-10-03
131,0.0,0.0,0.0,63.66,95.03,4.97,2017-09-26
132,0.0,0.0,0.0,63.87,100.0,0.0,2017-09-19
133,0.0,0.0,0.0,77.98,100.0,0.0,2017-09-12
134,0.0,0.0,0.0,55.56,100.0,0.0,2017-09-05
135,0.0,0.0,0.0,1.86,100.0,0.0,2017-08-29
136,0.0,0.0,0.0,1.86,85.25,14.75,2017-08-22
137,0.0,0.0,0.0,0.0,85.25,14.75,2017-08-15
138,0.0,0.0,0.0,0.0,85.25,14.75,2017-08-08
139,0.0,0.0,0.0,0.0,48.12,51.88,2017-08-01
140,0.0,0.0,0.0,0.0,18.12,81.88,2017-07-25
141,0.0,0.0,0.0,0.0,9.59,90.41,2017-07-18
142,0.0,0.0,0.0,0.0,0.0,100.0,2017-07-11
143,0.0,0.0,0.0,0.0,0.0,100.0,2017-07-04
144,0.0,0.0,0.0,0.0,0.0,100.0,2017-06-27
145,0.0,0.0,0.0,0.0,0.0,100.0,2017-06-20
146,0.0,0.0,0.0,0.0,0.0,100.0,2017-06-13
147,0.0,0.0,0.0,0.0,0.0,100.0,2017-06-06
148,0.0,0.0,0.0,0.0,0.0,100.0,2017-05-30
149,0.0,0.0,0.0,0.0,0.0,100.0,2017-05-23
150,0.0,0.0,0.0,0.0,0.0,100.0,2017-05-16
151,0.0,0.0,0.0,0.0,0.0,100.0,2017-05-09
152,0.0,0.0,0.0,0.0,0.0,100.0,2017-05-02
153,0.0,0.0,0.0,0.0,0.0,100.0,2017-04-25
154,0.0,0.0,0.0,0.0,0.0,100.0,2017-04-18
155,0.0,0.0,0.0,0.0,0.0,100.0,2017-04-11
156,0.0,0.0,0.0,0.0,0.0,100.0,2017-04-04
157,0.0,0.0,0.0,0.0,0.0,100.0,2017-03-28
158,0.0,0.0,0.0,0.0,0.0,100.0,2017-03-21
159,0.0,0.0,0.0,0.0,0.0,100.0,2017-03-14
160,0.0,0.0,0.0,0.0,0.0,100.0,2017-03-07
161,0.0,0.0,0.0,0.0,0.0,100.0,2017-02-28
162,0.0,0.0,0.0,0.0,0.0,100.0,2017-02-21
163,0.0,0.0,0.0,0.0,0.0,100.0,2017-02-14
164,0.0,0.0,0.0,0.0,0.0,100.0,2017-02-07
165,0.0,0.0,0.0,0.0,0.0,100.0,2017-01-31
166,0.0,0.0,0.0,0.0,0.0,100.0,2017-01-24
167,0.0,0.0,0.0,0.0,0.0,100.0,2017-01-17
168,0.0,0.0,0.0,0.0,0.0,100.0,2017-01-10
169,0.0,0.0,0.0,0.0,0.0,100.0,2017-01-03
170,0.0,0.0,0.0,0.0,0.0,100.0,2016-12-27
171,0.0,0.0,0.0,0.0,0.0,100.0,2016-12-20
172,0.0,0.0,0.0,0.0,0.0,100.0,2016-12-13
173,0.0,0.0,0.0,0.0,0.0,100.0,2016-12-06
174,0.0,0.0,0.0,0.0,0.0,100.0,2016-11-29
175,0.0,0.0,0.0,0.0,0.0,100.0,2016-11-22
176,0.0,0.0,0.0,0.0,0.0,100.0,2016-11-15
177,0.0,0.0,0.0,0.0,0.0,100.0,2016-11-08
178,0.0,0.0,0.0,0.0,0.0,100.0,2016-11-01
179,0.0,0.0,0.0,0.0,0.08,99.92,2016-10-25
180,0.0,0.0,0.0,0.05,7.91,92.09,2016-10-18
181,0.0,0.0,0.0,5.21,84.46,15.54,2016-10-11
182,0.0,0.0,0.0,5.21,97.64,2.36,2016-10-04
183,0.0,0.0,0.0,9.45,100.0,0.0,2016-09-27
184,0.0,0.0,0.0,9.45,100.0,0.0,2016-09-20
185,0.0,0.0,0.0,9.45,100.0,0.0,2016-09-13
186,0.0,0.0,0.0,7.88,100.0,0.0,2016-09-06
187,0.0,0.0,0.0,7.88,100.0,0.0,2016-08-30
188,0.0,0.0,0.0,7.88,100.0,0.0,2016-08-23
189,0.0,0.0,0.0,3.69,100.0,0.0,2016-08-16
190,0.0,0.0,0.0,3.69,100.0,0.0,2016-08-09
191,0.0,0.0,0.0,3.63,100.0,0.0,2016-08-02
192,0.0,0.0,0.0,3.63,100.0,0.0,2016-07-26
193,0.0,0.0,0.0,3.63,100.0,0.0,2016-07-19
194,0.0,0.0,0.0,3.63,100.0,0.0,2016-07-12
195,0.0,0.0,0.0,3.63,100.0,0.0,2016-07-05
196,0.0,0.0,0.0,3.63,100.0,0.0,2016-06-28
197,0.0,0.0,0.0,3.63,98.31,1.69,2016-06-21
198,0.0,0.0,0.0,3.63,98.31,1.69,2016-06-14
199,0.0,0.0,0.0,0.0,98.31,1.69,2016-06-07
200,0.0,0.0,0.0,0.0,55.61,44.39,2016-05-31
201,0.0,0.0,0.0,0.0,26.16,73.84,2016-05-24
202,0.0,0.0,0.0,0.0,25.73,74.27,2016-05-17
203,0.0,0.0,0.0,0.0,5.51,94.49,2016-05-10
204,0.0,0.0,0.0,0.0,5.51,94.49,2016-05-03
205,0.0,0.0,0.0,0.0,3.29,96.71,2016-04-26
206,0.0,0.0,0.0,0.0,3.29,96.71,2016-04-19
207,0.0,0.0,0.0,0.0,3.33,96.67,2016-04-12
208,0.0,0.0,0.0,0.0,3.33,96.67,2016-04-05
209,0.0,0.0,0.0,0.0,7.52,92.48,2016-03-29
210,0.0,0.0,0.0,0.41,10.24,89.76,2016-03-22
211,0.0,0.0,0.0,2.87,10.45,89.55,2016-03-15
212,0.0,0.0,0.0,2.87,22.07,77.93,2016-03-08
213,0.0,0.0,0.0,7.63,22.07,77.93,2016-03-01
214,0.0,0.0,0.0,7.63,22.07,77.93,2016-02-23
215,0.0,0.0,0.0,7.63,31.63,68.37,2016-02-16
216,0.0,0.0,0.0,7.63,31.64,68.36,2016-02-09
217,0.0,0.0,0.0,7.77,31.64,68.36,2016-02-02
218,0.0,0.0,0.0,7.77,31.62,68.38,2016-01-26
219,0.0,0.0,0.0,25.1,39.45,60.55,2016-01-19
220,0.0,0.0,0.0,25.1,39.45,60.55,2016-01-12
221,0.0,0.0,0.0,25.1,39.56,60.44,2016-01-05
222,0.0,0.0,2.72,25.67,39.56,60.44,2015-12-29
223,0.0,0.0,26.31,39.75,54.02,45.98,2015-12-22
224,0.0,0.0,34.05,48.0,60.45,39.55,2015-12-15
225,0.0,33.88,48.2,60.32,65.95,34.05,2015-12-08
226,0.0,44.51,60.38,64.49,72.38,27.62,2015-12-01
227,0.0,46.12,60.44,64.49,73.58,26.42,2015-11-24
228,0.0,48.14,60.86,71.98,100.0,0.0,2015-11-17
229,0.0,48.14,66.21,100.0,100.0,0.0,2015-11-10
230,0.0,48.14,71.55,100.0,100.0,0.0,2015-11-03
231,0.0,67.96,90.91,100.0,100.0,0.0,2015-10-27
232,0.0,67.96,90.91,100.0,100.0,0.0,2015-10-20
233,0.0,67.96,90.91,100.0,100.0,0.0,2015-10-13
234,0.0,67.96,100.0,100.0,100.0,0.0,2015-10-06
235,0.0,67.96,100.0,100.0,100.0,0.0,2015-09-29
236,0.0,67.96,100.0,100.0,100.0,0.0,2015-09-22
237,0.0,67.96,99.99,100.0,100.0,0.0,2015-09-15
238,0.0,67.96,99.99,100.0,100.0,0.0,2015-09-08
239,0.0,67.96,99.99,100.0,100.0,0.0,2015-09-01
240,0.0,84.64,99.99,100.0,100.0,0.0,2015-08-25
241,0.0,50.8,99.99,100.0,100.0,0.0,2015-08-18
242,0.0,42.51,99.99,100.0,100.0,0.0,2015-08-11
243,0.0,31.74,99.99,100.0,100.0,0.0,2015-08-04
244,0.0,31.74,99.99,100.0,100.0,0.0,2015-07-28
245,0.0,0.0,98.61,100.0,100.0,0.0,2015-07-21
246,0.0,0.0,98.61,100.0,100.0,0.0,2015-07-14
247,0.0,0.0,86.14,100.0,100.0,0.0,2015-07-07
248,0.0,0.0,45.79,92.52,100.0,0.0,2015-06-30
249,0.0,0.0,32.35,90.03,100.0,0.0,2015-06-23
250,0.0,0.0,25.78,63.42,90.23,9.77,2015-06-16
251,0.0,0.0,23.76,59.73,90.23,9.77,2015-06-09
252,0.0,0.0,23.76,51.81,90.23,9.77,2015-06-02
253,0.0,0.0,23.76,51.81,90.23,9.77,2015-05-26
254,0.0,0.0,23.74,51.81,90.23,9.77,2015-05-19
255,0.0,0.0,15.49,51.82,67.51,32.49,2015-05-12
256,0.0,0.0,15.49,51.82,67.51,32.49,2015-05-05
257,0.0,0.0,15.2,48.96,67.05,32.95,2015-04-28
258,0.0,0.0,0.0,45.86,65.37,34.63,2015-04-21
259,0.0,0.0,0.0,28.13,65.37,34.63,2015-04-14
260,0.0,0.0,0.0,28.13,65.44,34.56,2015-04-07
261,0.0,0.0,0.0,28.13,65.44,34.56,2015-03-31
262,0.0,0.0,0.0,28.13,61.11,38.89,2015-03-24
263,0.0,0.0,0.0,28.13,61.27,38.73,2015-03-17
264,0.0,0.0,0.0,28.79,63.04,36.96,2015-03-10
265,0.0,0.0,0.0,28.78,61.87,38.13,2015-03-03
266,0.0,0.0,0.0,28.78,61.87,38.13,2015-02-24
267,0.0,0.0,0.0,16.66,61.87,38.13,2015-02-17
268,0.0,0.0,0.0,18.37,72.6,27.4,2015-02-10
269,0.0,0.0,5.96,22.43,73.06,26.94,2015-02-03
270,0.0,0.0,5.96,22.43,73.06,26.94,2015-01-27
271,0.0,0.0,10.54,25.38,52.74,47.26,2015-01-20
272,0.0,0.0,10.54,25.23,52.74,47.26,2015-01-13
273,0.0,0.0,12.9,34.26,48.05,51.95,2015-01-06
274,0.0,0.0,14.83,36.15,48.13,51.87,2014-12-30
275,0.0,0.0,14.83,36.15,48.13,51.87,2014-12-23
276,0.0,0.0,14.83,36.89,49.32,50.68,2014-12-16
277,0.0,0.0,16.36,36.89,49.82,50.18,2014-12-09
278,0.0,0.0,16.36,36.89,49.82,50.18,2014-12-02
279,0.0,0.0,16.35,38.09,52.12,47.88,2014-11-25
280,0.0,0.0,16.35,38.09,52.18,47.82,2014-11-18
281,0.0,0.0,16.35,32.7,52.18,47.82,2014-11-11
282,0.0,0.0,16.35,32.71,52.57,47.43,2014-11-04
283,0.0,0.0,18.76,39.73,55.48,44.52,2014-10-28
284,0.0,0.0,20.17,40.28,65.78,34.22,2014-10-21
285,0.0,0.0,20.17,40.28,65.78,34.22,2014-10-14
286,0.0,0.0,20.17,40.28,65.78,34.22,2014-10-07
287,0.0,0.0,20.17,40.27,65.78,34.22,2014-09-30
288,0.0,0.0,19.99,40.27,67.32,32.68,2014-09-23
289,0.0,0.0,19.99,40.27,67.3,32.7,2014-09-16
290,0.0,0.0,19.99,40.27,67.3,32.7,2014-09-09
291,0.0,0.0,19.99,40.32,67.3,32.7,2014-09-02
292,0.0,0.0,19.99,40.32,67.39,32.61,2014-08-26
293,0.0,0.0,19.99,40.32,60.38,39.62,2014-08-19
294,0.0,0.0,19.99,40.84,60.87,39.13,2014-08-12
295,0.0,0.0,19.99,40.84,60.79,39.21,2014-08-05
296,0.0,0.0,18.27,33.38,60.44,39.56,2014-07-29
297,0.0,0.0,18.27,33.38,65.69,34.31,2014-07-22
298,0.0,0.0,18.27,33.38,49.18,50.82,2014-07-15
299,0.0,0.0,18.27,33.38,49.18,50.82,2014-07-08
300,0.0,0.0,18.27,33.38,49.18,50.82,2014-07-01
301,0.0,0.0,18.27,33.38,49.18,50.82,2014-06-24
302,0.0,0.0,15.22,34.59,53.72,46.28,2014-06-17
303,0.0,0.0,15.22,34.59,53.72,46.28,2014-06-10
304,0.0,0.0,15.22,34.59,52.94,47.06,2014-06-03
305,0.0,0.0,15.22,34.66,55.74,44.26,2014-05-27
306,0.0,0.0,15.22,34.66,55.74,44.26,2014-05-20
307,0.0,0.0,15.22,34.66,55.74,44.26,2014-05-13
308,0.0,0.0,15.22,34.17,55.74,44.26,2014-05-06
309,0.0,0.0,15.22,34.17,55.74,44.26,2014-04-29
310,0.0,0.0,17.22,35.45,57.17,42.83,2014-04-22
311,0.0,0.0,17.22,35.45,57.17,42.83,2014-04-15
312,0.0,0.0,17.22,35.43,57.96,42.04,2014-04-08
313,0.0,0.0,17.22,35.43,57.96,42.04,2014-04-01
314,0.0,0.0,17.22,35.41,57.96,42.04,2014-03-25
315,0.0,0.0,24.33,48.77,62.48,37.52,2014-03-18
316,0.0,0.0,24.33,48.77,62.48,37.52,2014-03-11
317,0.0,0.0,24.33,51.73,95.04,4.96,2014-03-04
318,0.0,0.0,13.38,54.32,100.0,0.0,2014-02-25
319,0.0,0.0,13.41,63.68,100.0,0.0,2014-02-18
320,0.0,0.0,19.56,99.33,100.0,0.0,2014-02-11
321,0.0,0.0,0.27,93.05,100.0,0.0,2014-02-04
322,0.0,0.0,0.27,93.05,100.0,0.0,2014-01-28
323,0.0,0.0,0.27,93.05,100.0,0.0,2014-01-21
324,0.0,0.0,0.27,93.05,100.0,0.0,2014-01-14
325,0.0,0.0,0.0,54.8,100.0,0.0,2014-01-07
326,0.0,0.0,0.0,0.0,81.92,18.08,2013-12-31
327,0.0,0.0,0.0,0.0,81.92,18.08,2013-12-24
328,0.0,0.0,0.0,0.0,73.98,26.02,2013-12-17
329,0.0,0.0,0.0,0.0,49.03,50.97,2013-12-10
330,0.0,0.0,0.0,0.0,14.38,85.62,2013-12-03
331,0.0,0.0,0.0,0.0,0.98,99.02,2013-11-26
332,0.0,0.0,0.0,0.0,0.98,99.02,2013-11-19
333,0.0,0.0,0.0,0.0,0.98,99.02,2013-11-12
334,0.0,0.0,0.0,0.0,0.98,99.02,2013-11-05
335,0.0,0.0,0.0,0.0,1.03,98.97,2013-10-29
336,0.0,0.0,0.0,0.0,1.03,98.97,2013-10-22
337,0.0,0.0,0.0,0.0,1.08,98.92,2013-10-15
338,0.0,0.0,0.0,0.0,1.0,99.0,2013-10-08
339,0.0,0.0,0.0,0.0,2.92,97.08,2013-10-01
340,0.0,0.0,0.0,3.14,11.22,88.78,2013-09-24
341,0.0,0.0,0.0,3.14,11.22,88.78,2013-09-17
342,0.0,0.0,0.0,3.14,11.22,88.78,2013-09-10
343,0.0,0.0,0.0,3.14,11.22,88.78,2013-09-03
344,0.0,0.0,0.0,3.14,19.66,80.34,2013-08-27
345,0.0,0.0,0.0,3.14,19.66,80.34,2013-08-20
346,0.0,0.0,0.0,3.14,19.68,80.32,2013-08-13
347,0.0,0.0,0.0,3.14,19.68,80.32,2013-08-06
348,0.0,0.0,0.0,3.14,19.74,80.26,2013-07-30
349,0.0,0.0,0.0,1.81,19.74,80.26,2013-07-23
350,0.0,0.0,0.0,1.81,19.53,80.47,2013-07-16
351,0.0,0.0,0.0,1.81,11.49,88.51,2013-07-09
352,0.0,0.0,0.0,1.81,11.59,88.41,2013-07-02
353,0.0,0.0,0.0,1.84,11.59,88.41,2013-06-25
354,0.0,0.0,0.0,3.21,17.91,82.09,2013-06-18
355,0.0,0.0,0.0,0.03,12.89,87.11,2013-06-11
356,0.0,0.0,0.0,0.03,12.47,87.53,2013-06-04
357,0.0,0.0,0.0,0.0,17.44,82.56,2013-05-28
358,0.0,0.0,0.0,0.0,17.37,82.63,2013-05-21
359,0.0,0.0,0.0,0.0,17.35,82.65,2013-05-14
360,0.0,0.0,0.0,0.0,17.35,82.65,2013-05-07
361,0.0,0.0,0.0,0.0,0.0,100.0,2013-04-30
362,0.0,0.0,0.0,0.0,0.0,100.0,2013-04-23
363,0.0,0.0,0.0,0.0,0.0,100.0,2013-04-16
364,0.0,0.0,0.0,0.0,0.0,100.0,2013-04-09
365,0.0,0.0,0.0,0.0,5.82,94.18,2013-04-02
366,0.0,0.0,0.0,0.0,0.0,100.0,2013-03-26
367,0.0,0.0,0.0,0.0,0.0,100.0,2013-03-19
368,0.0,0.0,0.0,0.0,0.0,100.0,2013-03-12
369,0.0,0.0,0.0,0.0,0.0,100.0,2013-03-05
370,0.0,0.0,0.0,0.0,0.0,100.0,2013-02-26
371,0.0,0.0,0.0,0.0,0.0,100.0,2013-02-19
372,0.0,0.0,0.0,0.0,0.0,100.0,2013-02-12
373,0.0,0.0,0.0,0.0,0.0,100.0,2013-02-05
374,0.0,0.0,0.0,0.0,0.0,100.0,2013-01-29
375,0.0,0.0,0.0,0.0,0.0,100.0,2013-01-22
376,0.0,0.0,0.0,0.0,0.0,100.0,2013-01-15
377,0.0,0.0,0.0,0.0,0.0,100.0,2013-01-08
378,0.0,0.0,0.0,0.0,0.0,100.0,2013-01-01
379,0.0,0.0,0.0,0.0,0.0,100.0,2012-12-25
380,0.0,0.0,0.0,0.0,0.0,100.0,2012-12-18
381,0.0,0.0,0.0,0.0,0.0,100.0,2012-12-11
382,0.0,0.0,0.0,0.0,0.0,100.0,2012-12-04
383,0.0,0.0,0.0,0.0,0.0,100.0,2012-11-27
384,0.0,0.0,0.0,0.0,0.0,100.0,2012-11-20
385,0.0,0.0,0.0,0.0,0.0,100.0,2012-11-13
386,0.0,0.0,0.0,0.0,0.0,100.0,2012-11-06
387,0.0,0.0,0.0,0.0,0.0,100.0,2012-10-30
388,0.0,0.0,0.0,0.0,0.0,100.0,2012-10-23
389,0.0,0.0,0.0,0.0,0.0,100.0,2012-10-16
390,0.0,0.0,0.0,0.0,15.73,84.27,2012-10-09
391,0.0,0.0,0.0,0.0,0.01,99.99,2012-10-02
392,0.0,0.0,0.0,0.0,0.0,100.0,2012-09-25
393,0.0,0.0,0.0,0.0,0.0,100.0,2012-09-18
394,0.0,0.0,0.0,0.0,4.17,95.83,2012-09-11
395,0.0,0.0,0.0,0.0,4.17,95.83,2012-09-04
396,0.0,0.0,0.0,0.0,4.17,95.83,2012-08-28
397,0.0,0.0,0.0,0.0,4.17,95.83,2012-08-21
398,0.0,0.0,0.0,0.0,4.17,95.83,2012-08-14
399,0.0,0.0,0.0,0.0,4.17,95.83,2012-08-07
400,0.0,0.0,0.0,0.0,4.17,95.83,2012-07-31
401,0.0,0.0,0.0,0.0,4.17,95.83,2012-07-24
402,0.0,0.0,0.0,0.0,4.17,95.83,2012-07-17
403,0.0,0.0,0.0,4.07,14.68,85.32,2012-07-10
404,0.0,0.0,0.0,4.07,14.68,85.32,2012-07-03
405,0.0,0.0,0.0,3.55,14.68,85.32,2012-06-26
406,0.0,0.0,0.0,3.55,14.68,85.32,2012-06-19
407,0.0,0.0,0.0,3.55,14.68,85.32,2012-06-12
408,0.0,0.0,0.0,3.55,20.85,79.15,2012-06-05
409,0.0,0.0,0.0,3.55,21.13,78.87,2012-05-29
410,0.0,0.0,0.0,3.55,21.13,78.87,2012-05-22
411,0.0,0.0,0.0,3.78,21.13,78.87,2012-05-15
412,0.0,0.0,0.0,3.78,21.13,78.87,2012-05-08
413,0.0,0.0,0.0,8.54,25.23,74.77,2012-05-01
414,0.0,0.0,0.0,8.54,25.23,74.77,2012-04-24
415,0.0,0.0,0.0,8.54,25.23,74.77,2012-04-17
416,0.0,0.0,0.0,8.54,25.23,74.77,2012-04-10
417,0.0,0.0,0.0,8.54,25.23,74.77,2012-04-03
418,0.0,0.0,0.0,8.54,25.23,74.77,2012-03-27
419,0.0,0.0,0.0,9.29,27.64,72.36,2012-03-20
420,0.0,0.0,0.0,18.32,44.55,55.45,2012-03-13
421,0.0,0.0,0.0,18.32,44.55,55.45,2012-03-06
422,0.0,0.0,0.0,18.32,44.55,55.45,2012-02-28
423,0.0,0.0,0.0,18.32,44.55,55.45,2012-02-21
424,0.0,0.0,0.0,18.32,44.55,55.45,2012-02-14
425,0.0,0.0,0.0,18.32,44.55,55.45,2012-02-07
426,0.0,0.0,0.0,20.48,46.5,53.5,2012-01-31
427,0.0,0.0,0.0,20.48,46.52,53.48,2012-01-24
428,0.0,0.0,0.0,20.89,46.83,53.17,2012-01-17
429,0.0,0.0,0.0,20.89,46.83,53.17,2012-01-10
430,0.0,0.0,0.0,0.0,46.83,53.17,2012-01-03
431,0.0,0.0,0.0,0.0,46.69,53.31,2011-12-27
432,0.0,0.0,0.0,0.0,20.21,79.79,2011-12-20
433,0.0,0.0,0.0,0.0,20.21,79.79,2011-12-13
434,0.0,0.0,0.0,0.0,20.21,79.79,2011-12-06
435,0.0,0.0,0.0,0.0,14.7,85.3,2011-11-29
436,0.0,0.0,0.0,0.0,14.76,85.24,2011-11-22
437,0.0,0.0,0.0,0.0,14.76,85.24,2011-11-15
438,0.0,0.0,0.0,0.0,10.81,89.19,2011-11-08
439,0.0,0.0,0.0,0.0,0.0,100.0,2011-11-01
440,0.0,0.0,0.0,0.0,0.0,100.0,2011-10-25
441,0.0,0.0,0.0,0.0,0.0,100.0,2011-10-18
442,0.0,0.0,0.0,0.0,0.0,100.0,2011-10-11
443,0.0,0.0,0.0,0.0,0.0,100.0,2011-10-04
444,0.0,0.0,0.0,0.0,0.0,100.0,2011-09-27
445,0.0,0.0,0.0,0.0,0.0,100.0,2011-09-20
446,0.0,0.0,0.0,0.0,0.0,100.0,2011-09-13
447,0.0,0.0,0.0,0.0,0.0,100.0,2011-09-06
448,0.0,0.0,0.0,0.0,0.0,100.0,2011-08-30
449,0.0,0.0,0.0,0.0,0.0,100.0,2011-08-23
450,0.0,0.0,0.0,0.0,0.0,100.0,2011-08-16
451,0.0,0.0,0.0,0.0,0.0,100.0,2011-08-09
452,0.0,0.0,0.0,0.0,0.0,100.0,2011-08-02
453,0.0,0.0,0.0,0.0,0.0,100.0,2011-07-26
454,0.0,0.0,0.0,0.0,0.0,100.0,2011-07-19
455,0.0,0.0,0.0,0.0,0.0,100.0,2011-07-12
456,0.0,0.0,0.0,0.0,0.0,100.0,2011-07-05
457,0.0,0.0,0.0,0.0,0.0,100.0,2011-06-28
458,0.0,0.0,0.0,0.0,0.0,100.0,2011-06-21
459,0.0,0.0,0.0,0.0,0.0,100.0,2011-06-14
460,0.0,0.0,0.0,0.0,0.0,100.0,2011-06-07
461,0.0,0.0,0.0,0.0,0.0,100.0,2011-05-31
462,0.0,0.0,0.0,0.0,0.0,100.0,2011-05-24
463,0.0,0.0,0.0,0.0,0.0,100.0,2011-05-17
464,0.0,0.0,0.0,0.0,0.0,100.0,2011-05-10
465,0.0,0.0,0.0,0.0,0.0,100.0,2011-05-03
466,0.0,0.0,0.0,0.0,0.0,100.0,2011-04-26
467,0.0,0.0,0.0,0.0,0.0,100.0,2011-04-19
468,0.0,0.0,0.0,0.0,0.0,100.0,2011-04-12
469,0.0,0.0,0.0,0.0,0.0,100.0,2011-04-05
470,0.0,0.0,0.0,0.0,0.0,100.0,2011-03-29
471,0.0,0.0,0.0,0.0,0.0,100.0,2011-03-22
472,0.0,0.0,0.0,0.0,12.25,87.75,2011-03-15
473,0.0,0.0,0.0,0.0,12.25,87.75,2011-03-08
474,0.0,0.0,0.0,0.0,12.25,87.75,2011-03-01
475,0.0,0.0,0.0,0.0,0.0,100.0,2011-02-22
476,0.0,0.0,0.0,0.0,0.0,100.0,2011-02-15
477,0.0,0.0,0.0,0.0,0.0,100.0,2011-02-08
478,0.0,0.0,0.0,0.0,0.0,100.0,2011-02-01
479,0.0,0.0,0.0,0.0,0.0,100.0,2011-01-25
480,0.0,0.0,0.0,0.0,0.0,100.0,2011-01-18
481,0.0,0.0,0.0,0.0,0.0,100.0,2011-01-11
482,0.0,0.0,0.0,0.0,0.0,100.0,2011-01-04
483,0.0,0.0,0.0,0.0,0.0,100.0,2010-12-28
484,0.0,0.0,0.0,0.0,0.0,100.0,2010-12-21
485,0.0,0.0,0.0,0.0,0.0,100.0,2010-12-14
486,0.0,0.0,0.0,0.0,0.0,100.0,2010-12-07
487,0.0,0.0,0.0,0.0,0.0,100.0,2010-11-30
488,0.0,0.0,0.0,0.0,0.0,100.0,2010-11-23
489,0.0,0.0,0.0,0.0,0.0,100.0,2010-11-16
490,0.0,0.0,0.0,0.0,0.0,100.0,2010-11-09
491,0.0,0.0,0.0,0.0,0.0,100.0,2010-11-02
492,0.0,0.0,0.0,0.0,0.0,100.0,2010-10-26
493,0.0,0.0,0.0,0.0,0.0,100.0,2010-10-19
494,0.0,0.0,0.0,0.0,0.0,100.0,2010-10-12
495,0.0,0.0,0.0,0.0,0.0,100.0,2010-10-05
496,0.0,0.0,0.0,0.0,0.0,100.0,2010-09-28
497,0.0,0.0,0.0,0.0,0.0,100.0,2010-09-21
498,0.0,0.0,0.0,0.0,0.0,100.0,2010-09-14
499,0.0,0.0,0.0,0.0,0.0,100.0,2010-09-07
500,0.0,0.0,0.0,0.0,0.0,100.0,2010-08-31
501,0.0,0.0,0.0,0.0,0.0,100.0,2010-08-24
502,0.0,0.0,0.0,0.0,0.0,100.0,2010-08-17
503,0.0,0.0,0.0,0.0,0.0,100.0,2010-08-10
504,0.0,0.0,0.0,0.0,0.0,100.0,2010-08-03
505,0.0,0.0,0.0,0.0,0.0,100.0,2010-07-27
506,0.0,0.0,0.0,0.0,0.0,100.0,2010-07-20
507,0.0,0.0,0.0,0.0,0.0,100.0,2010-07-13
508,0.0,0.0,0.0,0.0,0.0,100.0,2010-07-06
509,0.0,0.0,0.0,0.0,0.0,100.0,2010-06-29
510,0.0,0.0,0.0,0.0,0.0,100.0,2010-06-22
511,0.0,0.0,0.0,0.0,2.42,97.58,2010-06-15
512,0.0,0.0,0.0,0.0,2.42,97.58,2010-06-08
513,0.0,0.0,0.0,2.33,48.65,51.35,2010-06-01
514,0.0,0.0,0.0,4.65,48.65,51.35,2010-05-25
515,0.0,0.0,0.0,6.21,48.65,51.35,2010-05-18
516,0.0,0.0,0.0,6.21,48.8,51.2,2010-05-11
517,0.0,0.0,0.0,6.21,56.53,43.47,2010-05-04
518,0.0,0.0,0.0,6.21,56.53,43.47,2010-04-27
519,0.0,0.0,0.0,6.21,58.01,41.99,2010-04-20
520,0.0,0.0,0.0,6.08,57.32,42.68,2010-04-13
521,0.0,0.0,0.0,6.08,58.59,41.41,2010-04-06
522,0.0,0.0,0.0,6.08,58.59,41.41,2010-03-30
523,0.0,0.0,0.0,6.08,83.18,16.82,2010-03-23
524,0.0,0.0,0.0,7.47,83.18,16.82,2010-03-16
525,0.0,0.0,0.0,7.47,86.46,13.54,2010-03-09
526,0.0,0.0,3.95,16.43,76.62,23.38,2010-03-02
527,0.0,0.0,5.47,17.02,76.62,23.38,2010-02-23
528,0.0,0.0,5.47,16.0,76.62,23.38,2010-02-16
529,0.0,0.0,5.47,16.0,54.05,45.95,2010-02-09
530,0.0,0.0,5.47,16.0,52.09,47.91,2010-02-02
531,0.0,0.0,6.42,16.0,51.99,48.01,2010-01-26
532,0.0,0.0,6.42,16.0,51.99,48.01,2010-01-19
533,0.0,0.0,7.82,17.55,56.51,43.49,2010-01-12
534,0.0,0.0,7.82,17.55,56.51,43.49,2010-01-05
535,0.0,0.0,7.82,17.55,56.51,43.49,2009-12-29
536,0.0,0.0,7.82,17.55,56.51,43.49,2009-12-22
537,0.0,0.0,7.82,17.55,56.51,43.49,2009-12-15
538,0.0,0.0,7.82,17.55,56.51,43.49,2009-12-08
539,0.0,0.0,7.82,17.55,56.34,43.66,2009-12-01
540,0.0,0.0,7.82,17.55,56.34,43.66,2009-11-24
541,0.0,0.0,7.82,17.99,59.7,40.3,2009-11-17
542,0.0,0.0,7.82,17.99,61.59,38.41,2009-11-10
543,0.0,0.0,7.82,17.99,68.75,31.25,2009-11-03
544,0.0,0.0,7.82,17.99,85.68,14.32,2009-10-27
545,0.0,0.0,7.82,17.99,97.73,2.27,2009-10-20
546,0.0,0.0,9.68,30.54,100.0,0.0,2009-10-13
547,0.0,0.0,9.68,30.54,100.0,0.0,2009-10-06
548,0.0,0.0,9.68,30.54,100.0,0.0,2009-09-29
549,0.0,0.0,9.68,30.54,86.2,13.8,2009-09-22
550,0.0,0.0,9.68,30.54,86.2,13.8,2009-09-15
551,0.0,0.0,9.68,30.54,86.2,13.8,2009-09-08
552,0.0,0.0,15.51,33.37,86.2,13.8,2009-09-01
553,0.0,0.0,15.51,33.09,74.86,25.14,2009-08-25
554,0.0,0.0,9.68,28.53,71.27,28.73,2009-08-18
555,0.0,0.0,6.61,28.53,73.1,26.9,2009-08-11
556,0.0,0.0,6.61,28.53,72.8,27.2,2009-08-04
557,0.0,0.0,0.0,16.33,69.78,30.22,2009-07-28
558,0.0,0.0,0.0,16.33,67.92,32.08,2009-07-21
559,0.0,0.0,0.0,16.33,67.81,32.19,2009-07-14
560,0.0,0.0,0.0,16.33,67.81,32.19,2009-07-07
561,0.0,0.0,0.0,12.05,49.8,50.2,2009-06-30
562,0.0,0.0,0.0,12.05,49.8,50.2,2009-06-23
563,0.0,0.0,0.0,12.05,49.8,50.2,2009-06-16
564,0.0,0.0,0.0,10.92,49.8,50.2,2009-06-09
565,0.0,0.0,0.0,10.92,49.8,50.2,2009-06-02
566,0.0,0.0,0.0,10.92,49.92,50.08,2009-05-26
567,0.0,0.0,0.0,10.92,49.92,50.08,2009-05-19
568,0.0,0.0,0.0,10.92,49.94,50.06,2009-05-12
569,0.0,0.0,0.0,10.92,50.63,49.37,2009-05-05
570,0.0,0.0,0.0,10.92,50.63,49.37,2009-04-28
571,0.0,0.0,0.0,10.92,50.63,49.37,2009-04-21
572,0.0,0.0,0.0,10.92,50.63,49.37,2009-04-14
573,0.0,0.0,0.0,10.92,50.63,49.37,2009-04-07
574,0.0,0.0,0.0,11.9,55.64,44.36,2009-03-31
575,0.0,0.0,0.0,11.9,55.64,44.36,2009-03-24
576,0.0,0.0,0.0,11.9,55.64,44.36,2009-03-17
577,0.0,0.0,0.0,11.9,55.64,44.36,2009-03-10
578,0.0,0.0,0.0,0.0,49.08,50.92,2009-03-03
579,0.0,0.0,0.0,0.0,43.67,56.33,2009-02-24
580,0.0,0.0,0.0,0.0,40.15,59.85,2009-02-17
581,0.0,0.0,0.0,0.0,30.48,69.52,2009-02-10
582,0.0,0.0,0.0,0.0,30.48,69.52,2009-02-03
583,0.0,0.0,0.0,0.0,30.19,69.81,2009-01-27
584,0.0,0.0,0.0,0.0,30.28,69.72,2009-01-20
585,0.0,0.0,0.0,0.0,44.99,55.01,2009-01-13
586,0.0,0.0,0.0,0.0,44.99,55.01,2009-01-06
587,0.0,0.0,0.0,0.0,42.86,57.14,2008-12-30
588,0.0,0.0,0.0,0.0,42.86,57.14,2008-12-23
589,0.0,0.0,0.0,0.0,48.31,51.69,2008-12-16
590,0.0,0.0,0.0,0.0,39.95,60.05,2008-12-09
591,0.0,0.0,0.0,0.0,39.95,60.05,2008-12-02
592,0.0,0.0,0.0,0.0,36.32,63.68,2008-11-25
593,0.0,0.0,0.0,0.0,36.32,63.68,2008-11-18
594,0.0,0.0,0.0,0.0,38.51,61.49,2008-11-11
595,0.0,0.0,0.0,8.46,50.81,49.19,2008-11-04
596,0.0,0.0,0.0,8.46,50.81,49.19,2008-10-28
597,0.0,0.0,0.0,8.59,42.43,57.57,2008-10-21
598,0.0,0.0,0.0,5.07,33.52,66.48,2008-10-14
599,0.0,0.0,0.0,5.07,33.59,66.41,2008-10-07
600,0.0,0.0,0.0,5.07,33.59,66.41,2008-09-30
601,0.0,0.0,0.0,5.07,33.59,66.41,2008-09-23
602,0.0,0.0,0.0,5.07,33.59,66.41,2008-09-16
603,0.0,0.0,0.0,5.07,33.45,66.55,2008-09-09
604,0.0,0.0,0.0,5.07,33.45,66.55,2008-09-02
605,0.0,0.0,0.0,5.08,33.34,66.66,2008-08-26
606,0.0,0.0,0.0,5.08,33.34,66.66,2008-08-19
607,0.0,0.0,0.0,5.08,33.07,66.93,2008-08-12
608,0.0,0.0,0.0,5.08,33.4,66.6,2008-08-05
609,0.0,0.0,0.0,5.08,28.52,71.48,2008-07-29
610,0.0,0.0,0.0,5.08,28.52,71.48,2008-07-22
611,0.0,0.0,0.0,5.08,28.52,71.48,2008-07-15
612,0.0,0.0,0.0,0.0,26.54,73.46,2008-07-08
613,0.0,0.0,0.0,0.0,26.54,73.46,2008-07-01
614,0.0,0.0,0.0,0.0,26.54,73.46,2008-06-24
615,0.0,0.0,0.0,0.0,26.54,73.46,2008-06-17
616,0.0,0.0,0.0,0.0,26.52,73.48,2008-06-10
617,0.0,0.0,0.0,0.0,26.39,73.61,2008-06-03
618,0.0,0.0,0.0,0.0,0.62,99.38,2008-05-27
619,0.0,0.0,0.0,0.0,4.7,95.3,2008-05-20
620,0.0,0.0,0.0,0.0,0.0,100.0,2008-05-13
621,0.0,0.0,0.0,0.0,0.0,100.0,2008-05-06
622,0.0,0.0,0.0,0.0,0.0,100.0,2008-04-29
623,0.0,0.0,0.0,0.0,0.0,100.0,2008-04-22
624,0.0,0.0,0.0,0.0,0.0,100.0,2008-04-15
625,0.0,0.0,0.0,0.0,0.0,100.0,2008-04-08
626,0.0,0.0,0.0,0.0,0.0,100.0,2008-04-01
627,0.0,0.0,0.0,0.0,0.0,100.0,2008-03-25
628,0.0,0.0,0.0,0.0,0.0,100.0,2008-03-18
629,0.0,0.0,0.0,0.0,0.0,100.0,2008-03-11
630,0.0,0.0,0.0,0.0,0.0,100.0,2008-03-04
631,0.0,0.0,0.0,0.0,0.0,100.0,2008-02-26
632,0.0,0.0,0.0,0.0,0.0,100.0,2008-02-19
633,0.0,0.0,0.0,0.0,0.0,100.0,2008-02-12
634,0.0,0.0,0.0,0.0,0.0,100.0,2008-02-05
635,0.0,0.0,0.0,0.0,0.0,100.0,2008-01-29
636,0.0,0.0,0.0,0.0,0.0,100.0,2008-01-22
637,0.0,0.0,0.0,0.0,1.4,98.6,2008-01-15
638,0.0,0.0,0.0,0.55,4.67,95.33,2008-01-08
639,0.0,0.0,0.0,0.51,4.58,95.42,2008-01-01
640,0.0,0.0,0.0,0.51,4.58,95.42,2007-12-25
641,0.0,0.0,0.0,0.51,4.58,95.42,2007-12-18
642,0.0,0.0,0.0,0.53,4.58,95.42,2007-12-11
643,0.0,0.0,0.0,0.53,4.58,95.42,2007-12-04
644,0.0,0.0,0.78,2.78,40.76,59.24,2007-11-27
645,0.0,0.0,0.78,2.78,40.76,59.24,2007-11-20
646,0.0,0.0,1.97,7.04,40.76,59.24,2007-11-13
647,0.0,0.0,2.23,7.04,40.76,59.24,2007-11-06
648,0.0,0.0,2.23,7.04,40.76,59.24,2007-10-30
649,0.0,0.0,2.23,7.04,40.76,59.24,2007-10-23
650,0.0,0.35,2.23,7.33,63.77,36.23,2007-10-16
651,0.0,0.35,2.23,7.33,63.77,36.23,2007-10-09
652,0.0,0.35,4.76,11.19,71.78,28.22,2007-10-02
653,0.0,0.35,4.76,11.19,71.78,28.22,2007-09-25
654,0.0,0.35,4.76,11.19,65.1,34.9,2007-09-18
655,0.0,0.13,4.55,10.83,51.47,48.53,2007-09-11
656,0.0,0.13,4.55,10.83,51.47,48.53,2007-09-04
657,0.0,0.13,4.55,10.83,51.47,48.53,2007-08-28
658,0.0,0.13,4.55,10.88,50.19,49.81,2007-08-21
659,0.0,0.0,3.92,9.17,48.71,51.29,2007-08-14
660,0.0,0.0,3.92,9.17,48.71,51.29,2007-08-07
661,0.0,0.0,0.32,9.17,48.71,51.29,2007-07-31
662,0.0,0.0,0.0,1.35,48.71,51.29,2007-07-24
663,0.0,0.0,0.0,1.35,55.02,44.98,2007-07-17
664,0.0,0.0,0.0,1.35,52.5,47.5,2007-07-10
665,0.0,0.0,0.0,0.0,7.3,92.7,2007-07-03
666,0.0,0.0,0.0,0.0,3.0,97.0,2007-06-26
667,0.0,0.0,0.0,0.0,3.0,97.0,2007-06-19
668,0.0,0.0,0.0,0.0,3.0,97.0,2007-06-12
669,0.0,0.0,0.0,0.0,2.3,97.7,2007-06-05
670,0.0,0.0,0.0,0.0,2.3,97.7,2007-05-29
671,0.0,0.0,0.0,0.0,2.3,97.7,2007-05-22
672,0.0,0.0,0.0,0.0,2.3,97.7,2007-05-15
673,0.0,0.0,0.0,0.0,2.3,97.7,2007-05-08
674,0.0,0.0,0.0,0.0,2.3,97.7,2007-05-01
675,0.0,0.0,0.0,0.0,2.3,97.7,2007-04-24
676,0.0,0.0,0.0,0.0,2.3,97.7,2007-04-17
677,0.0,0.0,0.0,0.0,0.0,100.0,2007-04-10
678,0.0,0.0,0.0,0.0,0.0,100.0,2007-04-03
679,0.0,0.0,0.0,0.0,0.01,99.99,2007-03-27
680,0.0,0.0,0.0,0.0,0.0,100.0,2007-03-20
681,0.0,0.0,0.0,0.0,0.0,100.0,2007-03-13
682,0.0,0.0,0.0,0.0,0.0,100.0,2007-03-06
683,0.0,0.0,0.0,0.0,0.0,100.0,2007-02-27
684,0.0,0.0,0.0,0.0,0.0,100.0,2007-02-20
685,0.0,0.0,0.0,0.0,0.0,100.0,2007-02-13
686,0.0,0.0,0.0,0.0,0.0,100.0,2007-02-06
687,0.0,0.0,0.0,0.0,0.0,100.0,2007-01-30
688,0.0,0.0,0.0,0.0,0.0,100.0,2007-01-23
689,0.0,0.0,0.0,0.0,0.0,100.0,2007-01-16
690,0.0,0.0,0.0,0.0,0.0,100.0,2007-01-09
691,0.0,0.0,0.0,0.0,0.0,100.0,2007-01-02
692,0.0,0.0,0.0,0.0,0.0,100.0,2006-12-26
693,0.0,0.0,0.0,0.0,0.0,100.0,2006-12-19
694,0.0,0.0,0.0,0.0,0.0,100.0,2006-12-12
695,0.0,0.0,0.0,0.0,0.0,100.0,2006-12-05
696,0.0,0.0,0.0,0.0,0.0,100.0,2006-11-28
697,0.0,0.0,0.0,0.0,0.0,100.0,2006-11-21
698,0.0,0.0,0.0,0.0,0.0,100.0,2006-11-14
699,0.0,0.0,0.0,0.0,0.0,100.0,2006-11-07
700,0.0,0.0,0.0,0.0,83.31,16.69,2006-10-31
701,0.0,0.0,0.0,0.0,83.31,16.69,2006-10-24
702,0.0,0.0,0.0,24.43,83.31,16.69,2006-10-17
703,0.0,0.0,0.0,24.43,83.31,16.69,2006-10-10
704,0.0,0.0,0.0,24.43,83.23,16.77,2006-10-03
705,0.0,0.0,0.0,24.43,83.15,16.85,2006-09-26
706,0.0,0.0,0.0,24.43,83.39,16.61,2006-09-19
707,0.0,0.0,0.0,24.43,67.56,32.44,2006-09-12
708,0.0,0.0,0.0,0.0,67.56,32.44,2006-09-05
709,0.0,0.0,0.0,0.0,53.06,46.94,2006-08-29
710,0.0,0.0,0.0,0.0,0.0,100.0,2006-08-22
711,0.0,0.0,0.0,0.0,0.0,100.0,2006-08-15
712,0.0,0.0,0.0,0.0,0.0,100.0,2006-08-08
713,0.0,0.0,0.0,0.0,0.0,100.0,2006-08-01
714,0.0,0.0,0.0,0.0,0.0,100.0,2006-07-25
715,0.0,0.0,0.0,0.0,0.0,100.0,2006-07-18
716,0.0,0.0,0.0,0.0,0.0,100.0,2006-07-11
717,0.0,0.0,0.0,0.0,0.0,100.0,2006-07-04
718,0.0,0.0,0.0,0.0,0.0,100.0,2006-06-27
719,0.0,0.0,0.0,0.0,0.0,100.0,2006-06-20
720,0.0,0.0,0.0,0.0,0.0,100.0,2006-06-13
721,0.0,0.0,0.0,0.0,0.0,100.0,2006-06-06
722,0.0,0.0,0.0,0.0,0.0,100.0,2006-05-30
723,0.0,0.0,0.0,0.0,0.0,100.0,2006-05-23
724,0.0,0.0,0.0,0.0,0.0,100.0,2006-05-16
725,0.0,0.0,0.0,0.0,0.0,100.0,2006-05-09
726,0.0,0.0,0.0,0.0,0.0,100.0,2006-05-02
727,0.0,0.0,0.0,0.0,0.0,100.0,2006-04-25
728,0.0,0.0,0.0,0.0,0.0,100.0,2006-04-18
729,0.0,0.0,0.0,0.0,0.0,100.0,2006-04-11
730,0.0,0.0,0.0,0.0,0.0,100.0,2006-04-04
731,0.0,0.0,0.0,0.0,0.0,100.0,2006-03-28
732,0.0,0.0,0.0,0.0,0.0,100.0,2006-03-21
733,0.0,0.0,0.0,0.0,0.0,100.0,2006-03-14
734,0.0,0.0,0.0,0.0,0.0,100.0,2006-03-07
735,0.0,0.0,0.0,0.0,0.0,100.0,2006-02-28
736,0.0,0.0,0.0,0.0,0.0,100.0,2006-02-21
737,0.0,0.0,0.0,0.0,0.0,100.0,2006-02-14
738,0.0,0.0,0.0,0.0,0.0,100.0,2006-02-07
739,0.0,0.0,0.0,0.0,0.0,100.0,2006-01-31
740,0.0,0.0,0.0,0.0,0.0,100.0,2006-01-24
741,0.0,0.0,0.0,0.0,1.8,98.2,2006-01-17
742,0.0,0.0,0.0,0.0,49.16,50.84,2006-01-10
743,0.0,0.0,0.0,21.74,53.8,46.2,2006-01-03
744,0.0,0.0,14.98,53.44,57.23,42.77,2005-12-27
745,0.0,0.0,17.14,57.26,62.05,37.95,2005-12-20
746,0.0,0.0,17.14,51.53,62.05,37.95,2005-12-13
747,0.0,0.0,17.14,51.53,62.05,37.95,2005-12-06
748,0.0,0.0,37.92,54.3,66.57,33.43,2005-11-29
749,0.0,0.0,40.15,58.02,69.41,30.59,2005-11-22
750,0.0,0.0,40.15,58.02,69.41,30.59,2005-11-15
751,0.0,0.0,44.25,59.69,72.78,27.22,2005-11-08
752,0.0,6.9,48.64,65.19,76.43,23.57,2005-11-01
753,0.0,6.9,48.64,65.19,76.43,23.57,2005-10-25
754,0.0,6.9,48.64,65.19,76.43,23.57,2005-10-18
755,0.0,10.99,49.49,65.19,86.67,13.33,2005-10-11
756,0.0,10.99,49.49,65.19,86.67,13.33,2005-10-04
757,0.0,14.29,52.24,71.59,97.35,2.65,2005-09-27
758,0.0,14.29,52.24,69.14,94.49,5.51,2005-09-20
759,0.0,0.0,48.74,66.17,84.74,15.26,2005-09-13
760,0.0,0.0,48.74,66.17,84.74,15.26,2005-09-06
761,0.0,0.0,48.74,66.17,84.48,15.52,2005-08-30
762,0.0,0.0,48.74,66.17,84.37,15.63,2005-08-23
763,0.0,0.0,48.74,66.17,84.95,15.05,2005-08-16
764,0.0,0.0,46.86,66.17,85.11,14.89,2005-08-09
765,0.0,0.0,46.86,66.17,85.56,14.44,2005-08-02
766,0.0,0.0,46.86,66.17,84.94,15.06,2005-07-26
767,0.0,0.0,46.86,66.17,84.94,15.06,2005-07-19
768,0.0,0.0,46.86,66.17,84.94,15.06,2005-07-12
769,0.0,0.0,47.22,69.53,85.87,14.13,2005-07-05
770,0.0,0.0,47.22,69.53,85.87,14.13,2005-06-28
771,0.0,0.0,47.22,69.53,86.84,13.16,2005-06-21
772,0.0,0.0,40.47,67.56,87.51,12.49,2005-06-14
773,0.0,0.0,40.47,67.56,76.25,23.75,2005-06-07
774,0.0,0.0,39.6,67.56,76.25,23.75,2005-05-31
775,0.0,0.0,39.6,67.56,76.25,23.75,2005-05-24
776,0.0,0.0,39.6,67.56,76.25,23.75,2005-05-17
777,0.0,13.66,47.61,70.47,80.42,19.58,2005-05-10
778,0.0,13.66,47.17,70.47,80.68,19.32,2005-05-03
779,0.0,13.66,47.17,70.47,80.27,19.73,2005-04-26
780,0.0,13.66,47.3,70.92,80.27,19.73,2005-04-19
781,0.0,0.0,53.34,79.2,86.65,13.35,2005-04-12
782,0.0,0.0,53.29,79.2,86.74,13.26,2005-04-05
783,0.0,0.0,45.77,80.81,93.76,6.24,2005-03-29
784,0.0,0.0,53.74,83.88,97.74,2.26,2005-03-22
785,0.0,0.0,53.74,83.88,97.74,2.26,2005-03-15
786,0.0,0.0,53.74,83.88,97.74,2.26,2005-03-08
787,0.0,0.0,38.84,83.88,97.74,2.26,2005-03-01
788,0.0,0.0,33.85,69.78,95.7,4.3,2005-02-22
789,0.0,0.0,4.8,65.5,86.09,13.91,2005-02-15
790,0.0,0.0,0.0,60.93,70.97,29.03,2005-02-08
791,0.0,0.0,0.0,57.71,67.92,32.08,2005-02-01
792,0.0,0.0,0.0,0.0,67.92,32.08,2005-01-25
793,0.0,0.0,0.0,0.0,80.31,19.69,2005-01-18
794,0.0,0.0,0.0,0.0,92.43,7.57,2005-01-11
795,0.0,0.0,0.0,0.0,37.91,62.09,2005-01-04
796,0.0,0.0,0.0,0.0,37.91,62.09,2004-12-28
797,0.0,0.0,0.0,0.0,28.32,71.68,2004-12-21
798,0.0,0.0,0.0,0.0,10.27,89.73,2004-12-14
799,0.0,0.0,0.0,0.0,35.3,64.7,2004-12-07
800,0.0,0.0,0.0,0.0,30.64,69.36,2004-11-30
801,0.0,0.0,0.0,0.0,33.16,66.84,2004-11-23
802,0.0,0.0,0.0,0.0,14.24,85.76,2004-11-16
803,0.0,0.0,0.0,0.0,14.24,85.76,2004-11-09
804,0.0,0.0,0.0,0.0,14.24,85.76,2004-11-02
805,0.0,0.0,0.0,0.0,13.91,86.09,2004-10-26
806,0.0,0.0,0.0,0.0,13.91,86.09,2004-10-19
807,0.0,0.0,0.0,0.0,13.91,86.09,2004-10-12
808,0.0,0.0,0.0,0.0,13.91,86.09,2004-10-05
809,0.0,0.0,0.0,0.0,13.91,86.09,2004-09-28
810,0.0,0.0,0.0,0.0,13.93,86.07,2004-09-21
811,0.0,0.0,0.0,0.0,13.93,86.07,2004-09-14
812,0.0,0.0,0.0,0.0,17.11,82.89,2004-09-07
813,0.0,0.0,0.0,0.0,17.57,82.43,2004-08-31
814,0.0,0.0,0.0,17.01,60.57,39.43,2004-08-24
815,0.0,0.0,0.0,22.4,89.59,10.41,2004-08-17
816,0.0,0.0,0.0,22.4,89.59,10.41,2004-08-10
817,0.0,0.0,0.0,29.17,89.46,10.54,2004-08-03
818,0.0,0.0,0.0,29.17,88.56,11.44,2004-07-27
819,0.0,0.0,0.0,19.7,88.56,11.44,2004-07-20
820,0.0,0.0,0.0,19.2,67.9,32.1,2004-07-13
821,0.0,0.0,0.0,19.2,67.9,32.1,2004-07-06
822,0.0,0.0,0.0,9.48,67.8,32.2,2004-06-29
823,0.0,0.0,0.0,5.32,37.11,62.89,2004-06-22
824,0.0,0.0,0.0,5.57,36.56,63.44,2004-06-15
825,0.0,0.0,0.0,5.52,53.6,46.4,2004-06-08
826,0.0,0.0,0.0,5.8,61.81,38.19,2004-06-01
827,0.0,0.0,0.0,28.22,69.36,30.64,2004-05-25
828,0.0,0.0,0.0,6.02,77.6,22.4,2004-05-18
829,0.0,0.0,0.0,6.02,73.45,26.55,2004-05-11
830,0.0,0.0,0.0,6.02,43.58,56.42,2004-05-04
831,0.0,0.0,0.0,6.02,43.58,56.42,2004-04-27
832,0.0,0.0,0.0,6.02,43.58,56.42,2004-04-20
833,0.0,0.0,0.0,6.02,43.58,56.42,2004-04-13
834,0.0,0.0,0.0,6.05,43.58,56.42,2004-04-06
835,0.0,0.0,0.0,5.95,43.92,56.08,2004-03-30
836,0.0,0.0,0.0,5.95,43.92,56.08,2004-03-23
837,0.0,0.0,0.0,5.95,43.92,56.08,2004-03-16
838,0.0,0.0,0.0,5.95,43.92,56.08,2004-03-09
839,0.0,0.0,0.0,5.95,43.92,56.08,2004-03-02
840,0.0,0.0,0.0,5.95,44.1,55.9,2004-02-24
841,0.0,0.0,0.0,5.95,44.1,55.9,2004-02-17
842,0.0,0.0,0.0,5.95,44.1,55.9,2004-02-10
843,0.0,0.0,0.0,5.95,47.89,52.11,2004-02-03
844,0.0,0.0,0.0,5.95,47.89,52.11,2004-01-27
845,0.0,0.0,0.0,6.4,48.92,51.08,2004-01-20
846,0.0,0.0,0.0,7.91,51.08,48.92,2004-01-13
847,0.0,0.0,0.0,38.07,47.82,52.18,2004-01-06
848,0.0,0.0,0.0,38.36,48.34,51.66,2003-12-30
849,0.0,0.0,2.79,36.93,43.98,56.02,2003-12-23
850,0.0,0.0,5.31,39.31,45.14,54.86,2003-12-16
851,0.0,0.0,9.32,37.75,48.83,51.17,2003-12-09
852,0.0,0.0,10.16,41.97,52.63,47.37,2003-12-02
853,0.0,0.0,9.12,42.94,51.65,48.35,2003-11-25
854,0.0,0.0,9.13,48.42,60.17,39.83,2003-11-18
855,0.0,0.0,8.92,47.25,58.87,41.13,2003-11-11
856,0.0,0.0,9.65,47.51,59.75,40.25,2003-11-04
857,0.0,0.0,9.18,47.33,59.49,40.51,2003-10-28
858,0.0,0.0,9.01,47.12,60.38,39.62,2003-10-21
859,0.0,0.0,10.86,50.99,59.09,40.91,2003-10-14
860,0.0,0.0,17.58,75.07,100.0,0.0,2003-10-07
861,0.0,0.0,14.19,57.13,100.0,0.0,2003-09-30
862,0.0,0.0,14.35,57.49,100.0,0.0,2003-09-23
863,0.0,0.0,14.56,58.19,100.0,0.0,2003-09-16
864,0.0,0.0,16.16,95.32,100.0,0.0,2003-09-09
865,0.0,0.0,0.34,94.8,100.0,0.0,2003-09-02
866,0.0,0.0,0.57,93.16,100.0,0.0,2003-08-26
867,0.0,0.0,0.19,93.0,100.0,0.0,2003-08-19
868,0.0,0.0,0.0,93.45,100.0,0.0,2003-08-12
869,0.0,0.0,0.0,100.0,100.0,0.0,2003-08-05
870,0.0,0.0,0.0,100.0,100.0,0.0,2003-07-29
871,0.0,0.0,0.0,0.0,100.0,0.0,2003-07-22
872,0.0,0.0,0.0,0.0,100.0,0.0,2003-07-15
873,0.0,0.0,0.0,0.0,100.0,0.0,2003-07-08
874,0.0,0.0,0.0,0.0,99.65,0.35,2003-07-01
875,0.0,0.0,0.0,0.0,28.15,71.85,2003-06-24
876,0.0,0.0,0.0,0.0,28.45,71.55,2003-06-17
877,0.0,0.0,0.0,0.0,27.42,72.58,2003-06-10
878,0.0,0.0,0.0,0.0,28.16,71.84,2003-06-03
879,0.0,0.0,0.0,0.0,0.0,100.0,2003-05-27
880,0.0,0.0,0.0,0.0,0.0,100.0,2003-05-20
881,0.0,0.0,0.0,0.0,0.0,100.0,2003-05-13
882,0.0,0.0,0.0,0.0,0.0,100.0,2003-05-06
883,0.0,0.0,0.0,0.0,0.0,100.0,2003-04-29
884,0.0,0.0,0.0,0.0,2.72,97.28,2003-04-22
885,0.0,0.0,0.0,0.0,2.85,97.15,2003-04-15
886,0.0,0.0,0.0,0.0,2.81,97.19,2003-04-08
887,0.0,0.0,0.0,0.0,2.68,97.32,2003-04-01
888,0.0,0.0,0.0,0.0,2.91,97.09,2003-03-25
889,0.0,0.0,0.0,0.0,3.42,96.58,2003-03-18
890,0.0,0.0,0.0,0.0,92.3,7.7,2003-03-11
891,0.0,0.0,0.0,0.0,100.0,0.0,2003-03-04
892,0.0,0.0,0.0,0.0,99.95,0.05,2003-02-25
893,0.0,0.0,0.0,0.36,100.0,0.0,2003-02-18
894,0.0,0.0,0.0,0.48,100.0,0.0,2003-02-11
895,0.0,0.0,0.0,0.56,66.63,33.37,2003-02-04
896,0.0,0.0,1.22,7.5,67.26,32.74,2003-01-28
897,0.0,0.0,1.64,9.39,65.41,34.59,2003-01-21
898,0.0,0.0,2.15,9.04,63.52,36.48,2003-01-14
899,0.0,0.0,0.09,6.79,70.76,29.24,2003-01-07
900,0.0,0.0,0.03,6.07,85.74,14.26,2002-12-31
901,0.0,0.0,0.12,29.13,88.28,11.72,2002-12-24
902,0.0,0.0,0.23,28.32,86.75,13.25,2002-12-17
903,0.0,0.0,0.0,27.76,100.0,0.0,2002-12-10
904,0.0,0.0,0.04,28.49,100.0,0.0,2002-12-03
905,0.0,0.0,0.07,29.59,100.0,0.0,2002-11-26
906,0.0,0.0,0.06,29.09,100.0,0.0,2002-11-19
907,0.0,0.0,0.08,27.85,100.0,0.0,2002-11-12
908,0.0,0.0,0.01,40.24,100.0,0.0,2002-11-05
909,0.0,0.0,0.0,0.0,73.96,26.04,2002-10-29
910,0.0,0.0,0.0,0.0,73.89,26.11,2002-10-22
911,0.0,0.0,0.0,0.0,62.3,37.7,2002-10-15
912,0.0,0.0,0.0,0.0,63.92,36.08,2002-10-08
913,0.0,0.0,0.0,0.0,59.04,40.96,2002-10-01
914,0.0,0.0,0.0,0.0,52.33,47.67,2002-09-24
915,0.0,0.0,0.0,0.0,52.49,47.51,2002-09-17
916,0.0,0.0,0.0,0.0,37.28,62.72,2002-09-10
917,0.0,0.0,0.0,0.0,30.55,69.45,2002-09-03
918,0.0,0.0,0.0,0.0,31.31,68.69,2002-08-27
919,0.0,0.0,0.0,0.0,31.62,68.38,2002-08-20
920,0.0,0.0,0.0,0.0,35.13,64.87,2002-08-13
921,0.0,0.0,0.0,0.0,15.77,84.23,2002-08-06
922,0.0,0.0,0.0,0.49,18.17,81.83,2002-07-30
923,0.0,0.0,0.0,0.4,18.39,81.61,2002-07-23
924,0.0,0.0,0.0,0.22,17.47,82.53,2002-07-16
925,0.0,0.0,0.0,0.2,3.26,96.74,2002-07-09
926,0.0,0.0,0.0,0.0,2.99,97.01,2002-07-02
927,0.0,0.0,0.0,0.38,2.84,97.16,2002-06-25
928,0.0,0.0,0.0,0.25,2.24,97.76,2002-06-18
929,0.0,0.0,0.0,0.44,2.33,97.67,2002-06-11
930,0.0,0.0,0.0,0.42,2.34,97.66,2002-06-04
931,0.0,0.0,0.0,0.81,2.15,97.85,2002-05-28
932,0.0,0.0,0.0,0.23,1.99,98.01,2002-05-21
933,0.0,0.0,0.0,0.09,1.46,98.54,2002-05-14
934,0.0,0.0,0.0,0.31,1.92,98.08,2002-05-07
935,0.0,0.0,0.0,0.34,2.74,97.26,2002-04-30
936,0.0,0.0,0.0,0.0,4.45,95.55,2002-04-23
937,0.0,0.0,0.0,0.0,4.05,95.95,2002-04-16
938,0.0,0.0,0.0,0.0,5.07,94.93,2002-04-09
939,0.0,0.0,0.0,0.0,5.2,94.8,2002-04-02
940,0.0,0.0,0.0,0.0,5.56,94.44,2002-03-26
941,0.0,0.0,0.0,0.0,4.51,95.49,2002-03-19
942,0.0,0.0,0.0,0.0,0.0,100.0,2002-03-12
943,0.0,0.0,0.0,0.0,1.18,98.82,2002-03-05
944,0.0,0.0,0.0,0.0,0.98,99.02,2002-02-26
945,0.0,0.0,0.0,0.0,1.2,98.8,2002-02-19
946,0.0,0.0,0.0,0.0,1.24,98.76,2002-02-12
947,0.0,0.0,0.0,3.26,34.78,65.22,2002-02-05
948,0.0,0.0,0.0,3.52,36.31,63.69,2002-01-29
949,0.0,0.0,0.78,6.9,52.68,47.32,2002-01-22
950,0.0,0.0,0.64,7.45,52.86,47.14,2002-01-15
951,0.0,0.0,2.39,18.51,55.07,44.93,2002-01-08
952,0.0,1.49,43.49,66.87,77.83,22.17,2002-01-01
953,0.0,0.9,46.69,66.15,76.98,23.02,2001-12-25
954,0.0,0.9,46.73,63.81,77.02,22.98,2001-12-18
955,0.0,0.9,46.73,63.81,81.39,18.61,2001-12-11
956,0.0,1.06,46.7,65.88,81.91,18.09,2001-12-04
957,0.0,5.81,66.87,81.95,100.0,0.0,2001-11-27
958,0.0,5.81,67.87,85.77,100.0,0.0,2001-11-20
959,0.0,5.81,68.03,90.97,100.0,0.0,2001-11-13
960,0.0,5.81,68.03,90.97,100.0,0.0,2001-11-06
961,0.0,5.81,68.03,90.97,100.0,0.0,2001-10-30
962,0.0,5.81,68.03,90.97,100.0,0.0,2001-10-23
963,0.0,5.81,68.03,90.97,100.0,0.0,2001-10-16
964,0.0,5.81,68.03,100.0,100.0,0.0,2001-10-09
965,0.0,5.81,68.03,100.0,100.0,0.0,2001-10-02
966,0.0,5.81,68.03,100.0,100.0,0.0,2001-09-25
967,0.0,5.81,68.03,100.0,100.0,0.0,2001-09-18
968,0.0,5.81,68.03,100.0,100.0,0.0,2001-09-11
969,0.0,4.36,60.32,100.0,100.0,0.0,2001-09-04
970,0.0,0.0,60.32,100.0,100.0,0.0,2001-08-28
971,0.0,0.0,61.4,100.0,100.0,0.0,2001-08-21
972,0.0,0.0,61.4,100.0,100.0,0.0,2001-08-14
973,0.0,0.0,62.09,100.0,100.0,0.0,2001-08-07
974,0.0,0.0,62.09,100.0,100.0,0.0,2001-07-31
975,0.0,0.0,62.09,100.0,100.0,0.0,2001-07-24
976,0.0,0.0,74.22,100.0,100.0,0.0,2001-07-17
977,0.0,0.0,74.22,100.0,100.0,0.0,2001-07-10
978,0.0,0.0,74.22,100.0,100.0,0.0,2001-07-03
979,0.0,0.0,62.53,100.0,100.0,0.0,2001-06-26
980,0.0,0.0,62.53,100.0,100.0,0.0,2001-06-19
981,0.0,0.0,54.71,100.0,100.0,0.0,2001-06-12
982,0.0,0.0,54.71,97.29,100.0,0.0,2001-06-05
983,0.0,0.0,56.3,100.0,100.0,0.0,2001-05-29
984,0.0,0.0,56.3,100.0,100.0,0.0,2001-05-22
985,0.0,0.0,56.3,100.0,100.0,0.0,2001-05-15
986,0.0,0.0,46.37,100.0,100.0,0.0,2001-05-08
987,0.0,0.0,46.37,100.0,100.0,0.0,2001-05-01
988,0.0,0.0,46.37,100.0,100.0,0.0,2001-04-24
989,0.0,0.0,46.37,100.0,100.0,0.0,2001-04-17
990,0.0,0.0,46.37,100.0,100.0,0.0,2001-04-10
991,0.0,0.0,46.37,100.0,100.0,0.0,2001-04-03
992,0.0,0.0,45.1,100.0,100.0,0.0,2001-03-27
993,0.0,0.0,45.1,100.0,100.0,0.0,2001-03-20
994,0.0,0.0,45.1,100.0,100.0,0.0,2001-03-13
995,0.0,0.0,5.44,100.0,100.0,0.0,2001-03-06
996,0.0,0.0,0.0,100.0,100.0,0.0,2001-02-27
997,0.0,0.0,0.0,99.98,100.0,0.0,2001-02-20
998,0.0,0.0,0.0,99.93,100.0,0.0,2001-02-13
999,0.0,0.0,0.0,5.3,99.98,0.02,2001-02-06
1000,0.0,0.0,0.0,5.3,99.98,0.02,2001-01-30
1001,0.0,0.0,0.0,0.0,99.9,0.1,2001-01-23
1002,0.0,0.0,0.0,0.0,12.17,87.83,2001-01-16
1003,0.0,0.0,0.0,0.0,12.17,87.83,2001-01-09
1004,0.0,0.0,0.0,0.0,0.0,100.0,2001-01-02
1005,0.0,0.0,0.0,0.0,0.0,100.0,2000-12-26
1006,0.0,0.0,0.0,0.0,0.0,100.0,2000-12-19
1007,0.0,0.0,0.0,0.0,0.0,100.0,2000-12-12
1008,0.0,0.0,0.0,0.0,0.0,100.0,2000-12-05
1009,0.0,0.0,0.0,0.0,0.0,100.0,2000-11-28
1010,0.0,0.0,0.0,0.0,0.0,100.0,2000-11-21
1011,0.0,0.0,0.0,0.0,0.0,100.0,2000-11-14
1012,0.0,0.0,0.0,0.0,0.0,100.0,2000-11-07
1013,0.0,0.0,0.0,0.0,0.0,100.0,2000-10-31
1014,0.0,0.0,0.0,0.0,0.0,100.0,2000-10-24
1015,0.0,0.0,0.0,0.0,0.0,100.0,2000-10-17
1016,0.0,0.0,0.0,0.0,0.0,100.0,2000-10-10
1017,0.0,0.0,0.0,0.0,0.0,100.0,2000-10-03
1018,0.0,0.0,0.0,0.0,0.0,100.0,2000-09-26
1019,0.0,0.0,0.0,0.0,0.0,100.0,2000-09-19
1020,0.0,0.0,0.0,0.0,0.0,100.0,2000-09-12
1021,0.0,0.0,0.0,0.0,15.37,84.63,2000-09-05
1022,0.0,0.0,0.0,0.0,20.32,79.68,2000-08-29
1023,0.0,0.0,0.0,0.0,10.44,89.56,2000-08-22
1024,0.0,0.0,0.0,0.0,10.44,89.56,2000-08-15
1025,0.0,0.0,0.0,0.0,10.44,89.56,2000-08-08
1026,0.0,0.0,0.0,0.0,0.0,100.0,2000-08-01
1027,0.0,0.0,0.0,0.0,0.07,99.93,2000-07-25
1028,0.0,0.0,0.0,0.0,0.07,99.93,2000-07-18
1029,0.0,0.0,0.0,0.0,0.0,100.0,2000-07-11
1030,0.0,0.0,0.0,0.0,0.0,100.0,2000-07-04
1031,0.0,0.0,0.0,0.0,0.0,100.0,2000-06-27
1032,0.0,0.0,0.0,0.0,0.0,100.0,2000-06-20
1033,0.0,0.0,0.0,0.0,0.0,100.0,2000-06-13
1034,0.0,0.0,0.0,0.0,0.0,100.0,2000-06-06
1035,0.0,0.0,0.0,0.0,0.0,100.0,2000-05-30
1036,0.0,0.0,0.0,0.0,0.0,100.0,2000-05-23
1037,0.0,0.0,0.0,0.0,0.0,100.0,2000-05-16
1038,0.0,0.0,0.0,0.0,0.0,100.0,2000-05-09
1039,0.0,0.0,0.0,0.0,0.0,100.0,2000-05-02
1040,0.0,0.0,0.0,0.0,0.0,100.0,2000-04-25
1041,0.0,0.0,0.0,0.0,0.0,100.0,2000-04-18
1042,0.0,0.0,0.0,0.0,0.0,100.0,2000-04-11
1043,0.0,0.0,0.0,0.0,0.0,100.0,2000-04-04
1044,0.0,0.0,0.0,0.0,0.0,100.0,2000-03-28
1045,0.0,0.0,0.0,0.0,0.0,100.0,2000-03-21
1046,0.0,0.0,0.0,0.0,0.0,100.0,2000-03-14
1047,0.0,0.0,0.0,0.0,0.0,100.0,2000-03-07
1048,0.0,0.0,0.0,0.0,0.0,100.0,2000-02-29
1049,0.0,0.0,0.0,0.0,0.0,100.0,2000-02-22
1050,0.0,0.0,0.0,0.0,0.0,100.0,2000-02-15
1051,0.0,0.0,0.0,0.0,0.0,100.0,2000-02-08
1052,0.0,0.0,0.0,0.0,0.0,100.0,2000-02-01
1053,0.0,0.0,0.0,0.0,0.0,100.0,2000-01-25
1054,0.0,0.0,0.0,0.0,0.0,100.0,2000-01-18
1055,0.0,0.0,0.0,0.0,0.0,100.0,2000-01-11
1056,0.0,0.0,0.0,0.0,0.0,100.0,2000-01-04
